Date,Class,Type of Homework,Unit,Number of Unit,*Time per Unit*,Time Started,Time Spent,*Time Variance*,Music?,Alertness,Mood,Focus,Expected Time,,Standard Term?,Dinner?,Interruption,,
2-Sep-14,AP Euro,Textbook Reading,Pages,9,04:20,5:00,0:39,8.55%,No,7,7,4,35:40,4:14,,,,,
2-Sep-14,AP Euro,Quiz,MC Questions,8,00:23,5:43,0:03,14.75%,No,8,8,9,02:33,4:14,Quiz,,,Quiz,
2-Sep-14,AP Macro,Textbook Reading,Pages,8,02:15,6:08,0:18,-14.97%,Yes,7,7,9,20:42,4:14,Mod,,,,
2-Sep-14,AP Physics,Worksheet,Problems,13,01:23,8:05,0:18,-97.18%,No,8,8,10,35:30,4:14,,,,,
2-Sep-14,AP Physics,Watching Video,Minutes,5,01:00,8:25,0:05,23.68%,No,7,7,10,03:49,4:14,Video,,,,
2-Sep-14,AP Physics,Skimming Article,Pages,15,00:20,8:35,0:05,0.00%,Yes,8,8,8,05:00,4:14,,,,,
2-Sep-14,AP Calc,Diagnostic Quiz,Math Problems,8,04:08,8:41,0:33,#N/A,Yes,7,7,9,#N/A,4:14,,,,,
3-Sep-14,AP Euro,Textbook Reading,Pages,11,03:16,5:24,0:36,-21.08%,Yes,5,6,8,43:35,3:42,,,,,
3-Sep-14,AP Euro,Quiz,MC Questions,7,00:17,6:14,0:02,-10.06%,Yes,6,7,9,02:14,3:42,Quiz,,,,
3-Sep-14,AP Macro,Textbook Reading,Pages,4,02:30,6:21,0:10,-3.47%,Yes,7,7,8,10:21,3:42,Mod,,,,
3-Sep-14,AP Physics,Watching Video,Minutes,10,01:00,6:36,0:10,23.68%,No,8,7,10,07:38,3:42,Video,,,,
3-Sep-14,AP Physics,Worksheet,Problems,2,02:00,6:51,0:04,-36.51%,Yes,7,7,7,05:28,3:42,,Yes,,,
3-Sep-14,AP Physics,Worksheet,Problems,8,01:15,7:38,0:10,-118.41%,No,9,6,8,21:50,3:42,,,,,
3-Sep-14,AP Calc,Diagnostic Quiz,Math Problems,13,01:37,8:04,0:21,#N/A,No,9,8,9,#N/A,3:42,,,,,
3-Sep-14,AP Euro,Studying,Test Maps,1,36:00,8:30,0:36,#N/A,No,8,7,8,#N/A,3:42,,,,,
4-Sep-14,AP Euro,Textbook Reading,Pages,9,04:27,8:24,0:40,10.84%,Yes,6,7,6,35:40,2:46,,,,,
4-Sep-14,AP Euro,Studying,Test Maps,1,22:00,9:07,0:22,#N/A,Yes,5,6,7,#N/A,2:46,,,,,
4-Sep-14,AP Macro,Discussion Board,Questions,6,02:40,9:34,0:16,0.00%,No,6,7,9,16:00,2:46,,,,,
4-Sep-14,AP Euro,Studying,Test Maps,1,20:00,9:51,0:20,#N/A,No,7,6,10,#N/A,2:46,,,,,
4-Sep-14,AP Physics,Worksheet,Problems,9,02:07,10:12,0:19,-29.32%,Yes,7,7,9,24:34,2:46,,,,,
4-Sep-14,AP Euro,Studying,Test Maps,1,28:00,10:34,0:28,#N/A,Yes,6,7,8,#N/A,2:46,,,,,
4-Sep-14,AP Euro,Quiz,MC Questions,7,00:17,11:08,0:02,-11.89%,Yes,5,7,10,02:14,2:46,,,,,
7-Sep-14,AP Lit,Answer Justification,MC Questions,12,04:05,2:44,0:49,0.00%,Yes,10,9,7,49:00,6:28,,,,,
7-Sep-14,AP Lit,Chapter Reading,Pages,2.5,03:12,3:37,0:08,#N/A,Yes,10,9,8,#N/A,6:28,,,-10,,
7-Sep-14,AP Lit,Reading Response,OE Questions,2,09:00,7:32,0:18,0.00%,Yes,9,7,7,18:00,6:28,,,,,
7-Sep-14,AP Macro,Textbook Reading,Pages,5,02:24,7:55,0:12,-7.79%,Yes,9,8,9,12:56,6:28,,,,,
7-Sep-14,AP Macro,Worksheet,Blanks,8,01:00,8:16,0:08,0.00%,Yes,9,8,9,08:00,6:28,,,,,
7-Sep-14,AP Physics,Mastering Physics,Excercises,4,05:15,8:33,0:21,13.36%,Yes,8,8,9,18:12,6:28,,,,,
7-Sep-14,AP Calc,Worksheet,Definitions,22,00:16,9:06,0:06,#N/A,Yes,8,8,8,#N/A,6:28,,,,,
8-Sep-14,AP Euro,Textbook Reading,Pages,15,03:48,5:32,0:57,-4.28%,No,9,8,7,59:26,3:06,,,,,
8-Sep-14,AP Macro,Worksheet,Boxes,42,00:23,6:38,0:16,-162.50%,Yes,7,7,8,42:00,3:06,,,,,
8-Sep-14,AP Physics,Mastering Physics,Excercises,5,01:48,6:59,0:09,-152.69%,Yes,8,8,9,22:45,3:06,,,,,
8-Sep-14,AP Euro,Textbook Notes,Pages,15,02:48,7:56,0:42,7.08%,No,7,7,9,39:02,3:06,,,,,
9-Sep-14,AP Macro,Textbook Reading,Pages,6,01:50,7:09,0:11,-41.10%,No,9,9,9,15:31,1:54,,,,,
9-Sep-14,AP Euro,Textbook Reading,Pages,4,03:15,7:54,0:13,-21.93%,No,8,8,10,15:51,1:54,,,,,
9-Sep-14,AP Euro,Reading/Worksheet,Questions,4,05:15,8:28,0:21,-9.52%,No,7,8,7,23:00,1:54,,,,,
9-Sep-14,AP Euro,Textbook Notes,Pages,4,02:30,8:53,0:10,-4.07%,Yes,7,8,9,10:24,1:54,,,-3,,
10-Sep-04,AP Euro,Textbook Reading,Pages,4,04:30,5:18,0:18,11.94%,Yes,8,8,7,15:51,0:43,,,,,
10-Sep-14,AP Lit,Essay Writing,Paragraphs,0.5,20:00,5:42,0:10,#N/A,Yes,8,8,9,#N/A,4:42,,,,,
10-Sep-14,AP Euro,Textbook Notes,Pages,4,00:45,5:56,0:03,-246.90%,Yes,8,7,10,10:24,4:42,,,,,
10-Sep-14,AP Physics,Lab Analysis,Questions,8,03:00,6:07,0:24,0.00%,Yes,8,8,7,24:00,4:42,,,,,
10-Sep-14,AP Euro,Reading/Worksheet,Questions,12,04:10,9:34,0:50,-38.00%,No,8,9,9,69:00,4:42,,,,,
11-Sep-14,AP Euro,Textbook Reading,Pages,5,05:12,6:49,0:26,23.79%,No,9,8,6,19:49,0:47,,,,,
11-Sep-14,AP Euro,Textbook Notes,Pages,5,02:36,7:23,0:13,-0.07%,No,8,8,7,13:01,0:47,,,,,
14-Sep-14,AP Euro,Textbook Reading,Pages,6,05:00,7:59,0:30,20.75%,Yes,10,10,7,23:47,2:03,,,,,
14-Sep-14,AP Macro,Article Analysis,Questions,11,03:38,8:40,0:40,0.19%,Yes,9,9,8,39:56,2:03,,,,,
14-Sep-14,AP Physics,Watching Video,Minutes,12,00:35,9:24,0:07,-30.83%,No,7,8,9,09:09,2:03,,,,,
14-Sep-14,AP Euro,Textbook Notes,Pages,6,03:10,9:43,0:19,17.84%,No,7,6,9,15:37,2:03,,,,,
15-Sep-14,AP Macro,Textbook Reading,Pages,13,01:55,4:52,0:25,-34.52%,Yes,10,8,9,33:38,3:06,,,,,
15-Sep-14,AP Macro,Watching Video,Minutes,15,00:36,5:22,0:09,2.30%,No,8,8,10,08:48,3:06,,,,,
15-Sep-14,AP Physics,Mastering Physics,Excercises,6,02:20,5:48,0:14,-94.93%,Yes,8,9,9,27:17,3:06,,,,,
15-Sep-14,AP Euro,FRQ Outline,Items,7,03:43,7:32,0:26,0.00%,Yes,8,7,6,26:00,3:06,,,,,
16-Sep-14,AP Macro,Textbook Reading,Pages,6,01:50,7:20,0:11,-41.10%,Yes,9,8,7,15:31,1:19,,,,,
16-Sep-14,AP Physics,Worksheet,Problems,3,02:40,7:47,0:08,-2.38%,Yes,8,8,9,08:11,1:19,,,,,
16-Sep-14,AP Physics,Worksheet,Problems,4,03:30,7:57,0:14,22.00%,Yes,8,8,8,10:55,1:19,,,,,
16-Sep-14,AP Physics,Mastering Physics,Excercises,3,02:20,8:32,0:07,-94.93%,No,7,9,7,13:39,1:19,,,,,
17-Sep-14,AP Physics,Worksheet,Problems,2,01:30,6:24,0:03,-82.01%,Yes,9,8,9,05:28,1:58,,,,,
17-Sep-14,AP Physics,Worksheet,Problems,4,01:45,7:30,0:07,-56.01%,Yes,8,9,9,10:55,1:58,,,,,
17-Sep-14,AP Euro,Studying,Test Chapters,1,36:00,7:46,0:36,#N/A,Yes,7,8,6,#N/A,1:58,,,,,
18-Sep-14,AP Physics,Worksheet,Problems,1,03:00,8:00,0:03,8.99%,No,8,8,10,02:44,0:53,,,,,
18-Sep-14,AP Physics,Worksheet,Problems,4,04:00,8:07,0:16,31.75%,Yes,8,8,8,10:55,0:53,,,,,
18-Sep-14,AP Lit,Studying,Quiz Vocab Words,20,01:09,8:30,0:23,0.00%,No,7,8,5,23:00,0:53,,,,,
21-Sep-14,AP Physics,Worksheet,Problems,2,03:30,9:26,0:07,22.00%,Yes,8,7,8,05:28,1:14,,,,,
21-Sep-14,AP Physics,Mastering Physics,Excercises,3,06:40,9:38,0:20,31.77%,Yes,8,8,9,13:39,1:14,,,,,
21-Sep-14,AP Macro,Studying,Test Mods,3,00:40,10:09,0:02,#N/A,Yes,7,6,10,#N/A,1:14,,,,,
21-Sep-14,AP Euro,Studying,Test FRQ,1,15:00,10:19,0:15,#N/A,Yes,7,8,7,#N/A,1:14,,,,,
21-Sep-14,IB German,Studying,Test Vocab Words,30,00:16,10:32,0:08,#N/A,Yes,7,7,8,#N/A,1:14,,,,,
23-Sep-14,AP Euro,Textbook Reading,Pages,9,05:07,5:28,0:46,22.47%,Yes,9,8,6,35:40,4:02,,,,,
23-Sep-14,AP Macro,Textbook Reading,Pages,8,03:00,6:41,0:24,13.77%,Yes,9,8,8,20:42,4:02,,,,,
23-Sep-14,AP Physics,Worksheet,Problems,2,15:00,8:17,0:30,81.80%,Yes,8,8,8,05:28,4:02,,,,,
23-Sep-14,AP Euro,Textbook Notes,Pages,9,03:00,9:03,0:27,13.28%,No,7,6,8,23:25,4:02,,,,,
24-Sep-14,AP Euro,Worksheet,Questions,28,00:43,4:38,0:20,-73.33%,Yes,9,8,8,34:40,2:23,,,,,
24-Sep-14,AP Macro,Textbook Reading,Pages,3,04:00,5:03,0:12,35.33%,Yes,9,8,8,07:46,2:23,,,,,
24-Sep-14,AP Euro,Textbook Reading,Pages,8,02:37,5:18,0:21,-50.96%,Yes,8,8,8,31:42,2:23,,,,,
24-Sep-14,AP Physics,Worksheet,Problems,3,05:00,5:46,0:15,45.40%,Yes,7,8,10,08:11,2:23,,,,,
24-Sep-14,AP Physics,Mastering Physics,Excercises,4,04:30,6:03,0:18,-1.08%,Yes,8,9,10,18:12,2:23,,,,,
24-Sep-14,AP Euro,Textbook Notes,Pages,8,01:30,6:24,0:12,-73.45%,Yes,9,8,7,20:49,2:23,,,,,
24-Sep-14,AP Macro,Reading/Worksheet,Questions,3,04:20,6:48,0:13,0.00%,Yes,8,8,8,13:00,2:23,,,,,
25-Sep-14,AP Euro,Textbook Reading,Pages,7,05:43,3:57,0:40,30.65%,Yes,9,9,8,27:44,3:58,,,,,
25-Sep-14,AP Physics,Mastering Physics,Excercises,3,06:20,4:52,0:19,28.18%,Yes,9,8,8,13:39,3:58,,,,,
25-Sep-14,AP Macro,Textbook Reading,Pages,5,02:12,5:15,0:11,-17.58%,Yes,9,8,7,12:56,3:58,,,,,
25-Sep-14,AP Euro,Reading/Worksheet,Questions,5,01:00,5:41,0:05,-475.00%,Yes,9,8,9,28:45,3:58,,,,,
25-Sep-14,AP Macro,Article Analysis,Questions,11,03:49,6:04,0:42,4.94%,Yes,9,7,8,39:56,3:58,,,,,
25-Sep-14,AP Macro,Watching Video,Minutes,14,00:34,6:50,0:08,-2.59%,No,9,8,10,08:12,3:58,,,,,
25-Sep-14,AP Macro,Worksheet,Questions,5,01:36,7:00,0:08,37.50%,No,8,8,9,05:00,3:58,,,,,
25-Sep-14,AP Euro,Textbook Notes,Pages,7,05:00,7:20,0:35,47.97%,No,8,7,10,18:13,3:58,,,,,
28-Sep-14,AP Euro,Textbook Reading,Pages,7,03:17,5:44,0:23,-20.60%,No,10,7,5,27:44,1:03,,,,,
28-Sep-14,AP Lit,Quote Analysis,Quotes,1,12:00,6:19,0:12,0.00%,No,9,8,10,12:00,1:03,,,,,
28-Sep-14,AP Euro,Textbook Notes,Pages,7,02:00,6:33,0:14,-30.09%,No,9,8,10,18:13,1:03,,,,,
29-Sep-14,AP Euro,Textbook Reading,Pages,6,05:00,4:58,0:30,20.75%,Yes,9,9,7,23:47,1:22,,,,,
29-Sep-14,AP Lit,Shakespeare Reading,Scenes,7,04:51,5:46,0:34,-11.36%,No,9,8,8,37:52,1:22,,,,,
30-Sep-14,AP Euro,Textbook Reading,Pages,6,03:20,5:20,0:20,-18.88%,No,9,8,9,23:47,3:06,,,,,
30-Sep-14,AP Macro,Textbook Reading,Pages,6,03:30,5:58,0:21,26.09%,Yes,9,8,7,15:31,3:06,,,,,
30-Sep-14,AP Physics,Worksheet,Questions,6,01:00,6:35,0:06,-173.02%,Yes,8,8,8,16:23,3:06,,,,,
30-Sep-14,AP Euro,Textbook Notes,Pages,6,03:30,7:01,0:21,25.66%,Yes,8,7,7,15:37,3:06,,,,,
30-Sep-14,AP Euro,Textbook Notes,Pages,6,03:00,8:08,0:18,13.28%,Yes,9,9,9,15:37,3:06,,,,,
1-Oct-14,AP Euro,Textbook Reading,Pages,6,04:00,5:01,0:24,0.93%,Yes,10,8,7,23:47,1:53,,,,,
1-Oct-14,AP Macro,Textbook Reading,Pages,5,03:24,5:31,0:17,23.92%,Yes,9,7,8,12:56,1:53,,,,,
1-Oct-14,AP Physics,Mastering Physics,Excercises,3,03:20,6:03,0:10,-36.45%,Yes,9,6,9,13:39,1:53,,,,,
1-Oct-14,AP Euro,Textbook Notes,Pages,6,01:30,6:45,0:09,-73.45%,Yes,8,9,9,15:37,1:53,,,,,
2-Oct-14,AP Physics,Mastering Physics,Excercises,1,02:00,5:04,0:02,-127.42%,Yes,10,8,10,04:33,5:30,,,,,
2-Oct-14,AP Euro,Worksheet,Questions,4,01:30,5:20,0:06,17.46%,Yes,10,8,9,04:57,5:30,,,,,
2-Oct-14,AP Macro,Commentary Writing,Drafts,1,80:00,5:40,1:20,#N/A,Yes,9,7,7,#N/A,5:30,,Dinner,,,
2-Oct-14,AP Macro,Commentary Writing,Drafts,1,120:00,7:30,2:00,#N/A,No,8,8,8,#N/A,5:30,,,,,
2-Oct-14,AP Physics,Map Project,Unique,1,35:00,9:34,0:35,#N/A,Yes,7,7,9,#N/A,5:30,,,,,
2-Oct-14,AP Lit,Studying,Quiz Vocab Words,20,01:03,10:13,0:21,-9.52%,Yes,8,8,10,23:00,5:30,,,,,
5-Oct-14,AP Euro,Textbook Reading,Pages,7,05:00,7:15,0:35,20.75%,Yes,6,1,8,27:44,4:38,,,,,
5-Oct-14,AP Macro,Commentary Writing,Commentaries,1,240:00,7:55,4:00,#N/A,Yes,7,5,9,#N/A,4:38,,,,,
5-Oct-14,AP Physics,Watching Video,Minutes,11,00:38,11:04,0:07,-19.92%,No,6,7,10,08:24,4:38,,,,,
5-Oct-14,AP Lit,Shakespeare Reading,Scenes,4,06:45,11:15,0:27,19.87%,No,5,7,9,21:38,4:38,,,,,
5-Oct-14,AP Lit,Studying,Test Shakespeare,1,10:00,11:43,0:10,88.50%,No,5,7,8,01:09,4:38,,,,,
6-Oct-14,AP Macro,Textbook Reading,Pages,4,02:30,5:47,0:10,-3.47%,No,8,9,8,10:21,4:26,,,,,
6-Oct-14,AP Euro,Textbook Notes,Pages,7,03:17,8:14,0:23,20.82%,Yes,8,8,7,18:13,4:26,,,,,
6-Oct-14,AP Physics,Mastering Physics,Excercises,1,04:00,8:40,0:04,-13.71%,Yes,7,7,10,04:33,4:26,,,,,
6-Oct-14,AP Physics,Worksheet,Problems,3,02:00,8:48,0:06,-36.51%,Yes,8,7,9,08:11,4:26,,,,,
6-Oct-14,AP Euro,Textbook Reading,Pages,10,02:36,9:47,0:26,-52.41%,Yes,7,8,9,39:38,4:26,,,,,
7-Oct-14,AP Euro,Textbook Notes,Pages,10,01:42,5:25,0:17,-53.04%,Yes,8,8,9,26:01,4:38,,,,,
7-Oct-14,AP Physics,Mastering Physics,Excercises,2,02:30,9:58,0:05,-81.94%,No,7,8,10,09:06,4:38,,,,,
8-Oct-14,AP Physics,Worksheet,Problems,3,04:00,5:20,0:12,31.75%,No,9,8,10,08:11,1:02,,,,,
8-Oct-14,AP Physics,Mastering Physics,Excercises,3,07:00,5:37,0:21,35.02%,No,9,8,9,13:39,1:02,,,,,
8-Oct-14,AP Euro,DBQ Writing,Documents,14,00:56,6:09,0:13,#N/A,No,9,8,10,#N/A,1:02,,,,,
9-Oct-14,AP Euro,DBQ Writing,Documents,14,10:43,7:40,2:30,#N/A,No,8,7,8,#N/A,3:24,8,,,,
9-Oct-14,AP Physics,Mastering Physics,Excercises,3,13:20,10:12,0:40,65.89%,No,7,7,10,13:39,3:24,,,,,
9-Oct-14,AP Physics,Worksheet,Questions,10,00:42,10:56,0:07,-290.02%,No,6,7,10,27:18,3:24,,,,,
9-Oct-14,AP Macro,Commentary Writing,Commentaries,1,08:00,10:05,0:08,#N/A,No,5,7,10,#N/A,3:24,,,,,
12-Oct-14,AP Euro,Textbook Reading,Pages,9,05:13,7:33,0:47,24.12%,Yes,9,9,8,35:40,2:48,,,,,
12-Oct-14,AP Macro,Textbook Reading,Pages,6,02:20,8:36,0:14,-10.87%,Yes,9,8,9,15:31,2:48,,,,,
12-Oct-14,AP Macro,Article Analysis,Questions,5,03:12,9:15,0:16,-13.43%,Yes,8,8,9,18:09,2:48,,,,,
12-Oct-14,AP Euro,Textbook Notes,Pages,9,03:20,9:51,0:30,21.95%,Yes,8,7,7,23:25,2:48,,,,,
13-Oct-14,AP Euro,Textbook Reading,Pages,7,03:26,7:22,0:24,-15.58%,Yes,9,8,7,27:44,1:38,,,,,
13-Oct-14,AP Euro,Textbook Notes,Pages,7,02:00,8:46,0:14,-30.09%,Yes,8,8,9,18:13,1:38,,,,,
19-Oct-14,AP Euro,Textbook Reading,Pages,11,03:22,8:55,0:37,-17.81%,Yes,9,8,10,43:35,2:03,,,,,
19-Oct-14,AP Macro,Textbook Reading,Pages,6,02:10,9:36,0:13,-19.39%,Yes,9,8,8,15:31,2:03,,,,,
19-Oct-14,AP Euro,Textbook Notes,Pages,11,03:44,10:17,0:41,30.20%,Yes,8,8,8,28:37,2:03,,,,,
20-Oct-14,AP Macro,Textbook Reading,Pages,5,02:48,7:28,0:14,7.61%,Yes,9,9,7,12:56,1:32,,,,,
20-Oct-14,AP Euro,Worksheet,Questions,10,02:36,7:54,0:26,52.38%,Yes,8,8,6,12:23,1:32,,,,,
20-Oct-14,AP Physics,Stuff n Textbook Reading,Pages,10,03:30,8:25,0:35,#N/A,Yes,8,8,9,#N/A,1:32,,,,,
21-Oct-14,AP Macro,Textbook Reading,Pages,9,02:40,7:24,0:24,2.99%,Yes,9,8,7,23:17,0:24,,,,,
22-Oct-14,AP Euro,*Writing Assignment,***,1,42:00,7:18,0:42,#N/A,Yes,8,7,7,#N/A,2:49,,,,,
22-Oct-14,AP Physics,Mastering Physics,Excercises,2,03:00,10:01,0:06,-51.61%,No,7,8,9,09:06,2:49,,,,,
26-Oct-14,AP Euro,Textbook Reading,Pages,7,04:26,9:13,0:31,10.52%,Yes,8,8,7,27:44,1:12,,,,,
26-Oct-14,AP Physics,Mastering Physics,Excercises,3,03:00,9:47,0:09,-51.61%,Yes,7,8,10,13:39,1:12,,,,,
26-Oct-14,AP Macro,Textbook Reading,Pages,7,01:51,9:58,0:13,-39.29%,Yes,7,8,9,18:06,1:12,,,,,
26-Oct-14,AP Euro,Textbook Notes,Pages,4,01:30,10:19,0:06,-73.45%,Yes,7,8,9,10:24,1:12,,,,,
27-Oct-14,AP Euro,*Debate Speech Writing,***,1,63:00,9:10,1:03,#N/A,Yes,8,8,8,#N/A,1:03,,,,,
28-Oct-14,AP Euro,*Debate Speech Writing,***,1,114:00,7:36,1:54,#N/A,No,8,8,4,#N/A,2:51,,,,,
28-Oct-14,AP Lit,Studying,Quiz Vocab Words,20,01:15,10:02,0:25,8.00%,No,7,8,9,23:00,2:51,,,,,
30-Oct-14,AP Euro,Textbook Reading,Pages,12,03:15,7:22,0:39,-21.93%,Yes,9,7,8,47:33,3:31,,,,,
30-Oct-14,AP Lit,Shakespeare Reading,Scenes,5,08:12,8:33,0:41,34.04%,Yes,8,8,8,27:03,3:31,,,,,
30-Oct-14,AP Lit,Shakespeare Reading,Scenes,6,02:50,9:23,0:17,-90.91%,Yes,8,8,9,32:27,3:31,,,,,
30-Oct-14,AP Physics,Mopping,Modules,2,10:30,10:10,0:21,#N/A,Yes,7,9,10,#N/A,3:31,,,,,
30-Oct-14,AP Macro,Textbook Reading,Pages,4,02:30,10:43,0:10,-3.47%,Yes,7,8,8,10:21,3:31,,,,,
2-Nov-14,AP Euro,Textbook Notes,Pages,10,03:12,5:20,0:32,18.70%,Yes,9,7,7,26:01,5:06,,,,,
2-Nov-14,AP Euro,Textbook Notes,Pages,12,02:10,7:12,0:26,-20.08%,Yes,9,8,9,31:13,5:06,,,,,
2-Nov-14,AP Macro,*Studying,***,1,56:00,8:31,0:56,#N/A,Yes,8,8,6,#N/A,5:06,,,,,
2-Nov-14,AP Euro,*Studying,Test Chapters,2,18:00,9:50,0:36,#N/A,Yes,7,8,7,#N/A,5:06,,,,,
4-Nov-14,AP Lit,Studying,Test Vocab Words,60,00:30,10:10,0:30,-130.00%,No,7,8,9,69:00,0:30,,,,,
5-Nov-14,AP Macro,Textbook Reading,Pages,8,03:45,5:32,0:30,31.02%,No,9,9,8,20:42,0:30,,,,,
9-Nov-14,AP Macro,Textbook Reading,Pages,4,03:00,6:10,0:12,13.77%,Yes,9,9,7,10:21,4:27,,,,,
9-Nov-14,AP Euro,Textbook Reading,Pages,15,04:36,8:29,1:09,13.85%,Yes,9,8,6,59:26,4:27,,,,,
9-Nov-14,AP Lit,*MacProject,***,1,51:00,9:46,0:51,#N/A,Yes,8,8,9,#N/A,4:27,,,,,
10-Nov-14,AP Euro,Textbook Notes,Pages,7,04:17,8:01,0:30,39.29%,Yes,9,8,7,18:13,2:00,-20,,,,
10-Nov-14,AP Euro,Reading/Worksheet,Questions,3,17:20,9:09,0:52,66.83%,Yes,8,8,7,17:15,2:00,,,,,
11-Nov-14,AP Euro,Textbook Notes,Pages,8,04:15,7:14,0:34,38.78%,Yes,9,8,7,20:49,2:03,,,,,
11-Nov-14,AP Physics,Mastering Physics,Excercises,7,04:26,8:01,0:31,-2.71%,Yes,9,8,9,31:50,2:03,,,,,
11-Nov-14,AP Macro,Textbook Reading,Pages,8,02:37,8:56,0:21,1.45%,Yes,8,7,8,20:42,2:03,,,,,
12-Nov-14,AP Euro,Textbook Reading,Pages,5,03:24,4:26,0:17,-16.55%,Yes,9,9,8,19:49,3:14,,,,,
12-Nov-14,AP Calc,*Answer Copying,***,1,20:00,5:30,0:20,#N/A,Yes,9,6,9,#N/A,3:14,,,,,
12-Nov-14,AP Lit,*Script Editing,***,1,38:00,7:02,0:38,#N/A,Yes,8,6,8,#N/A,3:14,,,,,
13-Nov-14,AP Lit,Scarlet Letter Reading,Pages,16,01:26,5:38,0:23,28.18%,No,8,7,9,16:31,3:16,,,,,
13-Nov-14,AP Euro,Reading/Worksheet,Questions,4,08:15,8:21,0:33,30.30%,No,7,8,8,23:00,3:16,,,,,
16-Nov-14,AP Euro,Textbook Reading,Pages,9,03:33,7:21,0:32,-11.45%,Yes,7,9,7,35:40,2:47,,,,,
16-Nov-14,AP Lit,Scarlet Letter Reading,Pages,26,01:23,8:24,0:36,25.43%,No,8,8,8,26:51,2:47,,,,,
16-Nov-14,AP Euro,Textbook Notes,Pages,14,02:56,9:27,0:41,11.16%,Yes,7,7,7,36:25,2:47,,,,,
17-Nov-14,AP Macro,Textbook Reading,Pages,7,03:09,6:10,0:22,17.69%,Yes,8,8,9,18:06,4:30,,,,,
17-Nov-14,AP Physics,Mastering Physics,Excercises,2,03:00,7:28,0:06,-51.61%,Yes,8,9,10,09:06,4:30,,,,,
17-Nov-14,AP Lit,Scarlet Letter Reading,Pages,42,01:07,7:44,0:47,7.74%,No,8,8,9,43:22,4:30,,,,,
17-Nov-14,AP Euro,*Studying,Test Chapters,1,37:00,10:03,0:37,#N/A,Yes,8,9,7,#N/A,4:30,,,,,
18-Nov-14,AP Physics,Mastering Physics,Excercises,3,04:40,5:25,0:14,2.53%,Yes,7,8,8,13:39,3:40,,,,,
18-Nov-14,AP Lit,Scarlet Letter Reading,Pages,37,01:13,5:45,0:45,15.11%,No,8,7,6,38:12,3:40,,,,,
18-Nov-14,AP Euro,FRQ Outline,***,1,68:00,7:57,1:08,94.54%,Yes,8,8,7,03:43,3:40,,,,,
19-Nov-14,AP Lit,Scarlet Letter Reading,Pages,42,01:11,8:40,0:50,13.27%,No,8,7,6,43:22,0:50,,,Fell asleep,,
20-Nov-14,AP Macro,Textbook Reading,Pages,4,02:30,6:05,0:10,-3.47%,Yes,9,7,8,10:21,3:15,,,,,
20-Nov-14,AP Macro,Textbook Reading,Pages,7,02:34,7:29,0:18,-0.60%,Yes,8,7,8,18:06,3:15,,,,,
20-Nov-14,AP Lit,Scarlet Letter Reading,Pages,40,01:03,8:00,0:42,1.67%,Yes,8,7,9,41:18,3:15,,,,,
20-Nov-14,AP Euro,*Short Reading,***,1,16:00,9:04,0:16,#N/A,Yes,7,7,6,#N/A,3:15,,,,,
22-Nov-14,AP Euro,Textbook Reading,Pages,11,03:33,8:30,0:39,-11.77%,Yes,8,7,8,43:35,0:39,,,,,
23-Nov-14,AP Euro,Textbook Notes,Pages,11,02:11,0:56,0:24,-19.25%,Yes,10,8,7,28:37,8:58,,,,,
23-Nov-14,AP Euro,Textbook Reading,Pages,15,03:16,1:46,0:49,-21.31%,Yes,10,8,8,59:26,8:58,,,,,
23-Nov-14,AP Euro,Textbook Notes,Pages,15,01:20,4:38,0:20,-95.13%,Yes,9,7,9,39:02,8:58,,,,,
23-Nov-14,AP Lit,*Director's Notes Writing,***,1,60:00,7:53,1:00,#N/A,Yes,8,7,7,#N/A,8:58,,,,,
23-Nov-14,AP Lit,*Scarlet Letter Studying,*Chapters,12,04:15,9:03,0:51,#N/A,Yes,8,7,9,#N/A,8:58,,,,,
24-Nov-14,AP Macro,Textbook Reading,Pages,9,02:27,4:33,0:22,-5.83%,No,8,9,6,23:17,1:35,,,,,
24-Nov-14,AP Physics,*2D Systems Questions,*Problems,4,07:45,5:37,0:31,#N/A,Yes,8,9,9,#N/A,1:35,,,,,
25-Nov-14,AP Euro,*FRQ Writing/Assessing,***,1,55:00,4:32,0:55,#N/A,Yes,7,5,7,#N/A,1:27,,,,,
25-Nov-14,AP Physics,Mastering Physics,Excercises,4,06:30,5:33,0:26,30.02%,Yes,8,8,9,18:12,1:27,,,,,
30-Nov-14,AP Macro,*FRQ,***,1,51:00,4:15,0:51,#N/A,Yes,9,7,7,#N/A,4:50,,,,,
30-Nov-14,AP Physics,Mastering Physics,Exercises,4,05:15,5:12,0:21,13.36%,Yes,8,8,9,18:12,4:50,,,,,
30-Nov-14,AP Euro,Textbook Reading,Pages,10,04:12,5:45,0:42,5.65%,Yes,8,7,9,39:38,4:50,,,,,
30-Nov-14,AP Physics,*Quiz,Questions,8,00:30,8:06,0:04,#N/A,Yes,9,8,10,#N/A,4:50,,,,,
30-Nov-14,AP Lit,Scarlet Letter Reading,Pages,18,01:00,8:19,0:18,-3.24%,Yes,9,8,8,18:35,4:50,,,,,
30-Nov-14,AP Euro,Textbook Notes,Pages,10,01:54,8:46,0:19,-36.93%,Yes,7,8,8,26:01,4:50,,,,,
1-Dec-14,AP Euro,Textbook Reading,Pages,13,04:05,5:21,0:53,2.80%,Yes,9,8,7,51:31,4:54,,,,,
1-Dec-14,AP Physics,*Assorted Activities,***,1,08:00,6:17,0:08,#N/A,Yes,7,8,9,#N/A,4:54,,,,,
1-Dec-14,AP Macro,Textbook Reading,Pages,6,02:10,6:29,0:13,-19.39%,Yes,8,8,8,15:31,4:54,,,,,
1-Dec-14,AP Euro,Textbook Notes,Pages,13,01:37,9:54,0:21,-61.06%,Yes,7,8,9,33:49,4:54,,,,,
2-Dec-14,AP Physics,Mastering Physics,Exercises,1,13:00,6:16,0:13,65.01%,Yes,9,8,9,04:33,3:30,,,,,
2-Dec-14,AP Macro,*Commentary Writing,Commentaries,1,40:00,7:45,0:40,#N/A,Yes,8,8,8,#N/A,3:30,,,,,
2-Dec-14,AP Physics,*MC Question Setup,Questions,9,01:13,8:58,0:11,#N/A,Yes,8,7,8,#N/A,3:30,,,,,
2-Dec-14,AP Lit,Scarlet Letter Reading,Pages,15,00:56,9:32,0:14,-10.62%,Yes,8,8,9,15:29,3:30,,,,,
3-Dec-14,AP Macro,Textbook Reading,Pages,9,02:27,5:51,0:22,-5.83%,Yes,8,8,6,23:17,4:30,,,,,
3-Dec-14,AP Macro,*Commentary Writing,Commentaries,1,116:00,7:24,1:56,#N/A,Yes,8,7,8,#N/A,4:30,,,,,
3-Dec-14,AP Euro,*Studying,Test Chapters,2,13:30,9:54,0:27,#N/A,Yes,7,8,9,#N/A,4:30,,,,,
4-Dec-14,AP Macro,Textbook Reading,Pages,4,01:45,8:47,0:07,-47.82%,Yes,8,9,8,10:21,0:07,,,,,
7-Dec-14,AP Euro,Copied Textbook Reading,Pages,17,03:56,4:50,1:07,3.85%,Yes,9,7,7,64:25,6:11,,,,,
7-Dec-14,AP Euro,Copied Textbook Notes,Pages,13,04:14,9:07,0:55,11.36%,Yes,8,8,7,48:45,6:11,,,,,
7-Dec-14,AP Calc,*Study Guide Filling,***,1,58:00,10:03,0:58,#N/A,Yes,7,7,8,#N/A,6:11,,,,,
8-Dec-14,AP Macro,Textbook Reading,Pages,7,04:00,7:12,0:28,35.33%,Yes,8,8,7,18:06,1:40,,,,,
8-Dec-14,AP Lit,Scarlet Letter Reading,Pages,45,00:45,7:48,0:34,-36.65%,Yes,8,8,9,46:28,1:40,,,,,
8-Dec-14,AP Euro,Copied Textbook Reading,Pages,4,03:30,8:38,0:14,-8.27%,Yes,7,8,9,15:09,1:40,,,,,
9-Dec-14,AP Lit,Scarlet Letter Reading,Pages,22,00:49,5:02,0:18,-26.19%,No,9,8,9,22:43,0:18,,,,,
10-Dec-14,AP Macro,Textbook Reading,Pages,10,02:12,8:25,0:22,-17.58%,Yes,8,8,9,25:52,1:28,,,,,
10-Dec-14,AP Euro,Copied Textbook Notes,Pages,8,04:23,9:18,0:35,14.29%,Yes,8,8,7,30:00,1:28,,,,,
11-Dec-14,AP LIt,*Test Re-Write,***,1,41:00,6:14,0:41,#N/A,Yes,8,7,8,#N/A,2:47,,,,,
11-Dec-14,AP Euro,Copied Textbook Notes,Pages,6,02:50,7:11,0:17,-32.35%,Yes,8,8,9,22:30,2:47,,,,,
11-Dec-14,AP Calc,*AP FRQ,***,1,23:00,7:40,0:23,#N/A,Yes,8,8,9,#N/A,2:47,,,,,
11-Dec-14,AP Lit,Scarlet Letter Reading,Pages,36,00:38,8:38,0:23,-61.60%,No,9,8,8,37:10,2:47,,,,,
14-Dec-14,AP Physics,*What-If Post Evaluation,***,1,32:00,4:25,0:32,#N/A,Yes,9,8,8,#N/A,6:59,,,,,
14-Dec-14,AP Euro,Copied Textbook Reading,Pages,9,03:13,5:20,0:29,-17.60%,Yes,8,7,9,34:06,6:59,,,,,
14-Dec-14,AP Lit,*Essay Writing,***,1,26:00,7:34,0:26,#N/A,Yes,9,7,6,#N/A,6:59,,,,,
14-Dec-14,AP Lit,*Essay Writing,***,1,40:00,8:41,0:40,#N/A,Yes,8,6,8,#N/A,6:59,,,,,
14-Dec-14,AP Macro,*Studying,***,1,104:00,9:40,1:44,#N/A,Yes,8,7,5,#N/A,6:59,,,,,
15-Dec-14,AP Euro,Copied Textbook Notes,Pages,2,05:00,6:38,0:10,25.00%,Yes,8,7,8,07:30,2:38,,,,,
15-Dec-14,AP Euro,Copied Textbook Notes,Pages,7,02:43,8:14,0:19,-38.16%,Yes,8,7,10,26:15,2:38,,,,,
15-Dec-14,AP Euro,Copied Textbook Reading,Pages,8,04:15,8:42,0:34,10.84%,Yes,8,8,9,30:19,2:38,,,,,
16-Dec-14,AP Lit,*Essay Writing,***,1,60:00,5:19,1:00,#N/A,Yes,8,7,5,#N/A,4:11,,,,,
16-Dec-14,AP Lit,*Essay Writing,***,1,37:00,7:23,0:37,#N/A,Yes,8,7,7,#N/A,4:11,,,,,
16-Dec-14,AP Euro,Copied Textbook Notes,Pages,8,03:38,8:20,0:29,-3.45%,Yes,8,8,9,30:00,4:11,,,,,
16-Dec-14,AP Physics,*Lab Writeup,***,1,09:00,8:51,0:09,#N/A,Yes,7,8,9,#N/A,4:11,,,,,
16-Dec-14,AP Macro,Textbook Reading,Pages,6,03:00,9:12,0:18,13.77%,Yes,7,8,7,15:31,4:11,,,,,
17-Dec-14,AP Lit,*Essay Writing,***,1,63:00,4:57,1:03,#N/A,Yes,9,8,6,#N/A,4:19,,,,,
17-Dec-14,AP Lit,*Essay Writing,***,1,78:00,7:35,1:18,#N/A,Yes,8,8,7,#N/A,4:19,,,,,
17-Dec-14,AP Macro,Textbook Reading,Pages,5,02:12,8:56,0:11,-17.58%,Yes,7,8,8,12:56,4:19,,,,,
17-Dec-14,AP Physics,*Textbook Reading,Pages,6,00:30,9:13,0:03,#N/A,Yes,7,8,8,#N/A,4:19,,,,,
18-Dec-14,AP Lit,*Essay Writing,***,1,120:00,4:52,2:00,#N/A,Yes,8,7,7,#N/A,5:30,,,,,
18-Dec-14,AP Lit,*Essay Writing,***,1,111:00,7:56,1:51,#N/A,Yes,8,8,7,#N/A,5:30,,,,,
18-Dec-14,AP Physics,*Quiz Taking,Questions,8,00:38,10:17,0:05,#N/A,No,7,8,9,#N/A,5:30,,,,,
5-Jan-15,AP Euro,Document Analysis,Questions,13,02:09,5:54,0:28,#N/A,Yes,8,6,8,#N/A,3:36,,,,,
5-Jan-15,AP Lit,*Open Response Question,***,1,45:00,7:46,0:45,#N/A,Yes,7,7,8,#N/A,3:36,,,,,
5-Jan-15,AP Macro,Textbook Reading,Pages,9,02:47,8:41,0:25,6.87%,Yes,7,7,7,23:17,3:36,,,,,
5-Jan-15,AP Physics,Mastering Physics,Problems,10,01:30,9:15,0:15,-203.23%,Yes,8,8,9,45:29,3:36,,,,,
6-Jan-15,AP Euro,Textbook Reading,Pages,4,04:00,6:40,0:16,0.93%,Yes,6,6,7,15:51,2:10,,,,,
6-Jan-15,AP Euro,Textbook Reading,Pages,11,03:55,8:07,0:43,-1.37%,Yes,8,7,9,43:35,2:10,,,,,
,,,,,,,,,,,,,#N/A,#N/A,,,,,
,,,,,,,,,,,,,#N/A,#N/A,,,,,
,,,,,,,,,,,,,#N/A,#N/A,,,,,
,,,,,,,,,,,,,#N/A,#N/A,,,,,
,,,,,,,,,,,,,#N/A,#N/A,,,,,
,,,,,,,,,,,,,#N/A,#N/A,,,,,
,,,,,,,,,,,,,#N/A,#N/A,,,,,
,,,,,,,,,,,,,#N/A,#N/A,,,,,
,,,,,,,,,,,,,#N/A,#N/A,,,,,
,,,,,,,,,,,,,#N/A,#N/A,,,,,
,,,,,,,,,,,,,#N/A,#N/A,,,,,
,,,,,,,,,,,,,#N/A,#N/A,,,,,
,,,,,,,,,,,,,#N/A,#N/A,,,,,
,,,,,,,,,,,,,#N/A,#N/A,,,,,
,,,,,,,,,,,,,#N/A,#N/A,,,,,
,,,,,,,,,,,,,#N/A,#N/A,,,,,
,,,,,,,,,,,,,#N/A,#N/A,,,,,
,,,,,,,,,,,,,#N/A,#N/A,,,,,
,,,,,,,,,,,,,#N/A,#N/A,,,,,
,,,,,,,,,,,,,#N/A,#N/A,,,,,
,,,,,,,,,,,,,,,,,,,
,,,,,,,,,,,,,,,,,,,
,,,,,,,,,,,,,,,,,,,
,,,,,,,,,,,,,,,,,,,
,,,,,,,,,,,,,,,,,,,
,,,,,,,,,,,,,,,,,,,
,,,,,,,,,,,,,,,,,,,
,,,,,,,,,,,,,,,,,,,
,,,,,,,,,,,,,,,,,,,
,,,,,,,,,,,,,,,,,,,
,,,,,,,,,,,,,,,,,,,
,,,,,,,,,,,,,,,,,,,
,,,,,,,,,,,,,,,,,,,
,,,,,,,,,,,,,,,,,,,
,,,,,,,,,,,,,,,,,,,
,,,,,,,,,,,,,,,,,,,
,,,,,,,,,,,,,,,,,,,
,,,,,,,,,,,,,,,,,,,
,,,,,,,,,,,,,,,,,,,
,,,,,,,,,,,,,,,,,,,
,,,,,,,,,,,,,,,,,,,
,,,,,,,,,,,,,,,,,,,
,,,,,,,,,,,,,,,,,,,
,,,,,,,,,,,,,,,,,,,
,,,,,,,,,,,,,,,,,,,
,,,,,,,,,,,,,,,,,,,
,,,,,,,,,,,,,,,,,,,
,,,,,,,,,,,,,,,,,,,
,,,,,,,,,,,,,,,,,,,
,,,,,,,,,,,,,,,,,,,
,,,,,,,,,,,,,,,,,,,
,,,,,,,,,,,,,,,,,,,
,,,,,,,,,,,,,,,,,,,
,,,,,,,,,,,,,,,,,,,
,,,,,,,,,,,,,,,,,,,
,,,,,,,,,,,,,,,,,,,
,,,,,,,,,,,,,,,,,,,
,,,,,,,,,,,,,,,,,,,
,,,,,,,,,,,,,,,,,,,
,,,,,,,,,,,,,,,,,,,
,,,,,,,,,,,,,,,,,,,
,,,,,,,,,,,,,,,,,,,
,,,,,,,,,,,,,,,,,,,
,,,,,,,,,,,,,,,,,,,
,,,,,,,,,,,,,,,,,,,
,,,,,,,,,,,,,,,,,,,
,,,,,,,,,,,,,,,,,,,
,,,,,,,,,,,,,,,,,,,
,,,,,,,,,,,,,,,,,,,
,,,,,,,,,,,,,,,,,,,
,,,,,,,,,,,,,,,,,,,
,,,,,,,,,,,,,,,,,,,
,,,,,,,,,,,,,,,,,,,
,,,,,,,,,,,,,,,,,,,
